Chunk,Epis#,Title,TchrLast,TchrInit,Duration,Audio URL,Transcript URL,Keywords,NotesPP
Chunk10,479,"1 Samuel 30-31",Heiser,MS,43:54,link-to-ep479.mp3,link-to-transcript-479.pdf,1 samuel,
Chunk10,478,"1 Samuel 29",Heiser,MS,43:43,link-to-ep478.mp3,link-to-transcript-478.pdf,1 samuel,
Chunk10,477,"1 Samuel 28",Heiser,MS,42:43,link-to-ep477.mp3,link-to-transcript-477.pdf,1 samuel,
Chunk10,476,"1 Samuel 27",Heiser,MS,43:32,link-to-ep476.mp3,link-to-transcript-476.pdf,1 samuel,
Chunk10,475,"1 Samuel 26",Heiser,MS,30:47,link-to-ep475.mp3,link-to-transcript-475.pdf,1 samuel,
Chunk10,474,"1 Samuel 25",Heiser,MS,40:21,link-to-ep474.mp3,link-to-transcript-474.pdf,1 samuel,
Chunk10,473,"1 Samuel 24",Heiser,MS,1:01:10,link-to-ep473.mp3,link-to-transcript-473.pdf,1 samuel,
Chunk10,472,"1 Samuel 23",Heiser,MS,35:23,link-to-ep472.mp3,link-to-transcript-472.pdf,1 samuel,
Chunk10,471,"1 Samuel 22",Heiser,MS,25:22,link-to-ep471.mp3,link-to-transcript-471.pdf,1 samuel,
Chunk10,470,"1 Samuel 21",Heiser,MS,33:06,link-to-ep470.mp3,link-to-transcript-470.pdf,1 samuel,
Chunk10,469,"1 Samuel 20",Heiser,MS,30:12,link-to-ep469.mp3,link-to-transcript-469.pdf,1 samuel,
Chunk10,468,"Miqlat",Heiser,MS,32:09,link-to-ep468.mp3,link-to-transcript-468.pdf,other,
Chunk10,467,"1 Samuel 19",Heiser,MS,23:07,link-to-ep467.mp3,link-to-transcript-467.pdf,1 samuel,
Chunk10,466,"1 Samuel 18",Heiser,MS,28:20,link-to-ep466.mp3,link-to-transcript-466.pdf,1 samuel,
Chunk10,465,"1 Samuel 17",Heiser,MS,31:48,link-to-ep465.mp3,link-to-transcript-465.pdf,1 samuel,
Chunk10,464,"1 Samuel 16",Heiser,MS,1:06:46,link-to-ep464.mp3,link-to-transcript-464.pdf,1 samuel,
Chunk10,463,"1 Samuel 15",Heiser,MS,36:19,link-to-ep463.mp3,link-to-transcript-463.pdf,1 samuel,
Chunk10,462,"Honoring Dr. Michael S. Heiser Part 4",Heiser,MS,1:06:16,link-to-ep462.mp3,link-to-transcript-462.pdf,heiser,tribute,
Chunk10,461,"Honoring Dr. Michael S. Heiser Part 3",Heiser,MS,1:05:35,link-to-ep461.mp3,link-to-transcript-461.pdf,heiser,tribute,
Chunk10,460,"Honoring Dr. Michael S. Heiser Part 2",Heiser,MS,1:23:11,link-to-ep460.mp3,link-to-transcript-460.pdf,heiser,tribute,
Chunk10,459,"Honoring Dr. Michael S. Heiser",Heiser,MS,1:47:21,link-to-ep459.mp3,link-to-transcript-459.pdf,heiser,tribute,
Chunk10,458,"1 Samuel 13-14",Heiser,MS,1:04:26,link-to-ep458.mp3,link-to-transcript-458.pdf,1 samuel,
Chunk10,457,"1 Samuel 12",Heiser,MS,34:35,link-to-ep457.mp3,link-to-transcript-457.pdf,1 samuel,
Chunk10,456,"1 Samuel 11",Heiser,MS,48:41,link-to-ep456.mp3,link-to-transcript-456.pdf,1 samuel,
Chunk10,455,"1 Samuel 8-10 Part 2",Heiser,MS,52:02,link-to-ep455.mp3,link-to-transcript-455.pdf,1 samuel,
Chunk10,454,"1 Samuel 8-10 Part 1",Heiser,MS,35:17,link-to-ep454.mp3,link-to-transcript-454.pdf,1 samuel,
Chunk10,453,"1 Samuel 7",Heiser,MS,51:28,link-to-ep453.mp3,link-to-transcript-453.pdf,1 samuel,
Chunk10,452,"Counterfeit Kingdom",Heiser,MS,1:24:39,link-to-ep452.mp3,link-to-transcript-452.pdf,kingdom,false,
Chunk10,451,"1 Samuel 5-6",Heiser,MS,38:46,link-to-ep451.mp3,link-to-transcript-451.pdf,1 samuel,
Chunk9,450,"1 Samuel 4",Heiser,MS,36:27,link-to-ep450.mp3,link-to-transcript-450.pdf,1 samuel,
Chunk9,449,"1 Samuel 3",Heiser,MS,30:26,link-to-ep449.mp3,link-to-transcript-449.pdf,1 samuel,
Chunk9,448,"1 Samuel 2:12-36",Heiser,MS,36:57,link-to-ep448.mp3,link-to-transcript-448.pdf,1 samuel,
Chunk9,447,"1 Samuel 1:1-2:11",Heiser,MS,40:37,link-to-ep447.mp3,link-to-transcript-447.pdf,1 samuel,
Chunk9,446,"1 Samuel Introduction",Heiser,MS,34:19,link-to-ep446.mp3,link-to-transcript-446.pdf,1 samuel,
Chunk9,445,"Q&A 57",Heiser,MS,31:05,link-to-ep445.mp3,link-to-transcript-445.pdf,q&a,
Chunk9,444,"Q&A 56",Heiser,MS,46:16,link-to-ep444.mp3,link-to-transcript-444.pdf,q&a,
Chunk9,443,"Jude Q&A Part 2",Heiser,MS,39:08,link-to-ep443.mp3,link-to-transcript-443.pdf,jude,q&a,
Chunk9,442,"Jude Q&A Part 1",Heiser,MS,43:29,link-to-ep442.mp3,link-to-transcript-442.pdf,jude,q&a,
Chunk9,441,"The Afterlife Part 2",Heiser,MS,52:19,link-to-ep441.mp3,link-to-transcript-441.pdf,afterlife,
Chunk9,440,"The Afterlife Part 1",Heiser,MS,55:32,link-to-ep440.mp3,link-to-transcript-440.pdf,afterlife,
Chunk9,439,"The Epistle of Jude Part 8",Heiser,MS,51:08,link-to-ep439.mp3,link-to-transcript-439.pdf,jude,
Chunk9,438,"The Epistle of Jude Part 7",Heiser,MS,38:29,link-to-ep438.mp3,link-to-transcript-438.pdf,jude,
Chunk9,437,"The Epistle of Jude Part 6",Heiser,MS,40:34,link-to-ep437.mp3,link-to-transcript-437.pdf,jude,
Chunk9,436,"The Epistle of Jude Part 5",Heiser,MS,34:30,link-to-ep436.mp3,link-to-transcript-436.pdf,jude,
Chunk9,435,"The Epistle of Jude Part 4",Heiser,MS,40:04,link-to-ep435.mp3,link-to-transcript-435.pdf,jude,
Chunk9,434,"The Epistle of Jude Part 3",Heiser,MS,1:02:42,link-to-ep434.mp3,link-to-transcript-434.pdf,jude,
Chunk9,433,"The Epistle of Jude Part 2",Heiser,MS,52:08,link-to-ep433.mp3,link-to-transcript-433.pdf,jude,
Chunk9,432,"The Epistle of Jude Part 1",Heiser,MS,1:06:33,link-to-ep432.mp3,link-to-transcript-432.pdf,jude,
Chunk9,431,"Q&A 55",Heiser,MS,29:24,link-to-ep431.mp3,link-to-transcript-431.pdf,q&a,
Chunk9,430,"John Walton on Demons and Spirits",Heiser,MS,1:43:40,link-to-ep430.mp3,link-to-transcript-430.pdf,demons,spirits,
Chunk9,429,"Hollywood Heroes",Heiser,MS,1:05:15,link-to-ep429.mp3,link-to-transcript-429.pdf,hollywood,culture,
Chunk9,428,"Q&A 54",Heiser,MS,22:30,link-to-ep428.mp3,link-to-transcript-428.pdf,q&a,
Chunk9,427,"Q&A 53",Heiser,MS,28:37,link-to-ep427.mp3,link-to-transcript-427.pdf,q&a,
Chunk9,426,"Q&A 52",Heiser,MS,21:35,link-to-ep426.mp3,link-to-transcript-426.pdf,q&a,
Chunk9,425,"Q&A 51",Heiser,MS,28:00,link-to-ep425.mp3,link-to-transcript-425.pdf,q&a,
Chunk9,424,"Q&A 50",Heiser,MS,27:12,link-to-ep424.mp3,link-to-transcript-424.pdf,q&a,
Chunk9,423,"The Queen of Heaven",Heiser,MS,53:02,link-to-ep423.mp3,link-to-transcript-423.pdf,queen,heaven,
Chunk9,422,"Paul’s Use of the Old Testament Series: Romans 12-16",Heiser,MS,1:03:11,link-to-ep422.mp3,link-to-transcript-422.pdf,paul,romans,ot,
Chunk9,421,"Paul’s Use of the Old Testament Series: Romans 9-11",Heiser,MS,51:20,link-to-ep421.mp3,link-to-transcript-421.pdf,paul,romans,ot,
Chunk9,420,"Paul’s Use of the Old Testament Series: Romans 4",Heiser,MS,41:52,link-to-ep420.mp3,link-to-transcript-420.pdf,paul,romans,ot,
Chunk9,419,"Paul’s Use of the Old Testament Series: Romans 1-3",Heiser,MS,1:08:56,link-to-ep419.mp3,link-to-transcript-419.pdf,paul,romans,ot,
Chunk9,418,"Paul’s Use of the Old Testament Series: Malachi and Romans",Heiser,MS,1:12:52,link-to-ep418.mp3,link-to-transcript-418.pdf,paul,romans,malachi,
Chunk9,417,"Paul’s Use of the Old Testament Series: The Messiahs in Daniel 9",Heiser,MS,57:14,link-to-ep417.mp3,link-to-transcript-417.pdf,paul,daniel,messiah,
Chunk9,416,"Paul’s Use of the Old Testament Series: The Son of Man in Daniel 7",Heiser,MS,58:08,link-to-ep416.mp3,link-to-transcript-416.pdf,paul,daniel,son of man,
Chunk9,415,"Paul’s Use of the Old Testament Series: The Messianic Story Part 3",Heiser,MS,1:03:28,link-to-ep415.mp3,link-to-transcript-415.pdf,paul,messianic,
Chunk9,414,"Paul’s Use of the Old Testament Series: The Messianic Story Part 2",Heiser,MS,1:17:43,link-to-ep414.mp3,link-to-transcript-414.pdf,paul,messianic,
Chunk9,413,"Paul’s Use of the Old Testament Series: The Messianic Story Part 1",Heiser,MS,1:18:57,link-to-ep413.mp3,link-to-transcript-413.pdf,paul,messianic,
Chunk9,412,"Paul’s Use of the Old Testament Series: “Messiah”",Heiser,MS,52:06,link-to-ep412.mp3,link-to-transcript-412.pdf,paul,messiah,
Chunk9,411,"Paul’s Use of the Old Testament Series: Introduction",Heiser,MS,54:14,link-to-ep411.mp3,link-to-transcript-411.pdf,paul,ot,
Chunk9,410,"Q&A 49",Heiser,MS,28:09,link-to-ep410.mp3,link-to-transcript-410.pdf,q&a,
Chunk9,409,"Q&A 48",Heiser,MS,26:43,link-to-ep409.mp3,link-to-transcript-409.pdf,q&a,
Chunk9,408,"Jesus and the Old Testament",Heiser,MS,1:01:33,link-to-ep408.mp3,link-to-transcript-408.pdf,jesus,ot,
Chunk9,407,"Exodus Old and New",Heiser,MS,1:06:42,link-to-ep407.mp3,link-to-transcript-407.pdf,exodus,ot,
Chunk9,406,"Year Ahead",Heiser,MS,45:44,link-to-ep406.mp3,link-to-transcript-406.pdf,year,ahead,
Chunk9,405,"Revelation Q&A Part 6",Heiser,MS,49:24,link-to-ep405.mp3,link-to-transcript-405.pdf,revelation,q&a,
Chunk9,404,"Revelation Q&A Part 5",Heiser,MS,51:48,link-to-ep404.mp3,link-to-transcript-404.pdf,revelation,q&a,
Chunk9,403,"Revelation Q&A Part 4",Heiser,MS,51:44,link-to-ep403.mp3,link-to-transcript-403.pdf,revelation,q&a,
Chunk9,402,"Revelation Q&A Part 3",Heiser,MS,58:38,link-to-ep402.mp3,link-to-transcript-402.pdf,revelation,q&a,
Chunk9,401,"Revelation Q&A Part 2",Heiser,MS,1:08:19,link-to-ep401.mp3,link-to-transcript-401.pdf,revelation,q&a,
Chunk8,400,"Revelation Q&A Part 1",Heiser,MS,1:06:12,link-to-ep400.mp3,link-to-transcript-400.pdf,q&a,revelation,
Chunk8,399,"Miracles Today",Heiser,MS,1:05:48,link-to-ep399.mp3,link-to-transcript-399.pdf,miracles,
Chunk8,398,"Beginner Guides to New Testament Studies",Heiser,MS,1:07:39,link-to-ep398.mp3,link-to-transcript-398.pdf,new testament,study,
Chunk8,397,"Revelation 21-22 Part 2",Heiser,MS,1:21:49,link-to-ep397.mp3,link-to-transcript-397.pdf,revelation,eschatology,
Chunk8,396,"Revelation 21-22 Part 1",Heiser,MS,1:23:29,link-to-ep396.mp3,link-to-transcript-396.pdf,revelation,eschatology,
Chunk8,395,"The New Perspective on Paul",Heiser,MS,54:10,link-to-ep395.mp3,link-to-transcript-395.pdf,paul,theology,
Chunk8,394,"Saved by Grace or Judged According to Works?",Heiser,MS,1:04:09,link-to-ep394.mp3,link-to-transcript-394.pdf,salvation,grace,works,
Chunk8,393,"Revelation 20",Heiser,MS,1:02:10,link-to-ep393.mp3,link-to-transcript-393.pdf,revelation,eschatology,
Chunk8,392,"Revelation 19 Part 2",Heiser,MS,1:20:44,link-to-ep392.mp3,link-to-transcript-392.pdf,revelation,eschatology,
Chunk8,391,"Revelation 19 Part 1",Heiser,MS,53:58,link-to-ep391.mp3,link-to-transcript-391.pdf,revelation,eschatology,
Chunk8,390,"Revelation 17-18",Heiser,MS,1:05:37,link-to-ep390.mp3,link-to-transcript-390.pdf,revelation,eschatology,
Chunk8,389,"Revelation 15-16",Heiser,MS,1:01:09,link-to-ep389.mp3,link-to-transcript-389.pdf,revelation,eschatology,
Chunk8,388,"Evangelical Theology",Heiser,MS,1:05:02,link-to-ep388.mp3,link-to-transcript-388.pdf,theology,evangelical,
Chunk8,387,"Q&A 47",Heiser,MS,30:39,link-to-ep387.mp3,link-to-transcript-387.pdf,q&a,
Chunk8,386,"Messiah Son of Joseph",Heiser,MS,59:53,link-to-ep386.mp3,link-to-transcript-386.pdf,messiah,jesus,
Chunk8,385,"The Psalms and Eschatology",Heiser,MS,48:35,link-to-ep385.mp3,link-to-transcript-385.pdf,psalms,eschatology,
Chunk8,384,"Revelation 14",Heiser,MS,1:01:53,link-to-ep384.mp3,link-to-transcript-384.pdf,revelation,eschatology,
Chunk8,383,"Revelation 13",Heiser,MS,1:14:04,link-to-ep383.mp3,link-to-transcript-383.pdf,revelation,eschatology,
Chunk8,382,"Revelation 12",Heiser,MS,1:01:35,link-to-ep382.mp3,link-to-transcript-382.pdf,revelation,eschatology,
Chunk8,381,"Revelation 11",Heiser,MS,1:08:55,link-to-ep381.mp3,link-to-transcript-381.pdf,revelation,eschatology,
Chunk8,380,"Q&A 46",Heiser,MS,50:52,link-to-ep380.mp3,link-to-transcript-380.pdf,q&a,
Chunk8,379,"The Bedrock of Christianity",Heiser,MS,1:09:04,link-to-ep379.mp3,link-to-transcript-379.pdf,christianity,foundations,
Chunk8,378,"Revelation 10",Heiser,MS,56:58,link-to-ep378.mp3,link-to-transcript-378.pdf,revelation,eschatology,
Chunk8,377,"Revelation 9",Heiser,MS,1:09:27,link-to-ep377.mp3,link-to-transcript-377.pdf,revelation,eschatology,
Chunk8,376,"Revelation 8:7-13",Heiser,MS,55:04,link-to-ep376.mp3,link-to-transcript-376.pdf,revelation,eschatology,
Chunk8,375,"Revelation 8:1-6",Heiser,MS,47:20,link-to-ep375.mp3,link-to-transcript-375.pdf,revelation,eschatology,
Chunk8,374,"Q&A 45",Heiser,MS,29:55,link-to-ep374.mp3,link-to-transcript-374.pdf,q&a,
Chunk8,373,"Revelation 7 Part 2",Heiser,MS,1:04:48,link-to-ep373.mp3,link-to-transcript-373.pdf,revelation,eschatology,
Chunk8,372,"Revelation 7 Part 1",Heiser,MS,1:07:34,link-to-ep372.mp3,link-to-transcript-372.pdf,revelation,eschatology,
Chunk8,371,"Reading Moses, Seeing Jesus",Heiser,MS,1:06:41,link-to-ep371.mp3,link-to-transcript-371.pdf,moses,jesus,
Chunk8,370,"Revelation 6",Heiser,MS,59:36,link-to-ep370.mp3,link-to-transcript-370.pdf,revelation,eschatology,
Chunk8,369,"Revelation 5",Heiser,MS,1:08:07,link-to-ep369.mp3,link-to-transcript-369.pdf,revelation,eschatology,
Chunk8,368,"Revelation 4 Part 3",Heiser,MS,59:19,link-to-ep368.mp3,link-to-transcript-368.pdf,revelation,eschatology,
Chunk8,367,"Revelation 4 Part 2",Heiser,MS,1:00:26,link-to-ep367.mp3,link-to-transcript-367.pdf,revelation,eschatology,
Chunk8,366,"Revelation 4 Part 1",Heiser,MS,53:41,link-to-ep366.mp3,link-to-transcript-366.pdf,revelation,eschatology,
Chunk8,365,"Q&A 44",Heiser,MS,46:12,link-to-ep365.mp3,link-to-transcript-365.pdf,q&a,
Chunk8,364,"EEM.org & DiscoveringMErcy.org",Heiser,MS,1:14:31,link-to-ep364.mp3,link-to-transcript-364.pdf,organization,charity,
Chunk8,363,"Revelation 3 Part 2",Heiser,MS,1:02:40,link-to-ep363.mp3,link-to-transcript-363.pdf,revelation,
Chunk8,362,"Revelation 3 Part 1",Heiser,MS,1:04:27,link-to-ep362.mp3,link-to-transcript-362.pdf,revelation,
Chunk8,361,"Revelation 2:8-29",Heiser,MS,58:09,link-to-ep361.mp3,link-to-transcript-361.pdf,revelation,
Chunk8,360,"Revelation 2:1-7",Heiser,MS,1:04:23,link-to-ep360.mp3,link-to-transcript-360.pdf,revelation,
Chunk8,359,"The Myth Made Fact",Heiser,MS,1:24:44,link-to-ep359.mp3,link-to-transcript-359.pdf,mythology,bible,
Chunk8,358,"Q&A 43",Heiser,MS,35:56,link-to-ep358.mp3,link-to-transcript-358.pdf,q&a,
Chunk8,357,"The Genealogical Adam and Eve Part 2",Heiser,MS,1:24:06,link-to-ep357.mp3,link-to-transcript-357.pdf,adam,eve,genealogy,
Chunk8,356,"The Genealogical Adam and Eve Part 1",Heiser,MS,58:03,link-to-ep356.mp3,link-to-transcript-356.pdf,adam,eve,genealogy,
Chunk8,355,"Revelation 1:7-20",Heiser,MS,1:12:08,link-to-ep355.mp3,link-to-transcript-355.pdf,revelation,
Chunk8,354,"Revelation 1:4-6",Heiser,MS,1:03:51,link-to-ep354.mp3,link-to-transcript-354.pdf,revelation,
Chunk8,353,"Revelation 1:4",Heiser,MS,43:35,link-to-ep353.mp3,link-to-transcript-353.pdf,revelation,
Chunk8,352,"Introducing The Old Testament in the Book of Revelation",Heiser,MS,1:05:08,link-to-ep352.mp3,link-to-transcript-352.pdf,revelation,ot,
Chunk8,351,"The Good News of the Return of the King",Heiser,MS,1:16:35,link-to-ep351.mp3,link-to-transcript-351.pdf,jesus,return,
Chunk7,350,"Loving Loyalty and Believing Loyalty",Heiser,MS,51:43,link-to-ep350.mp3,link-to-transcript-350.pdf,loyalty,
Chunk7,349,"Q&A 42",Heiser,MS,45:05,link-to-ep349.mp3,link-to-transcript-349.pdf,q&a,
Chunk7,348,"A Relevance Theory Approach",Heiser,MS,1:14:57,link-to-ep348.mp3,link-to-transcript-348.pdf,linguistics,exegesis,
Chunk7,347,"Jonah and the Chaos Dragon",Heiser,MS,1:06:56,link-to-ep347.mp3,link-to-transcript-347.pdf,jonah,chaos dragon,
Chunk7,346,"The Old Testament and Luke 1",Heiser,MS,1:08:09,link-to-ep346.mp3,link-to-transcript-346.pdf,luke,ot,
Chunk7,345,"The Vine and the Branches",Heiser,MS,51:17,link-to-ep345.mp3,link-to-transcript-345.pdf,john,jesus,
Chunk7,344,"Gentiles in the Psalms",Heiser,MS,54:53,link-to-ep344.mp3,link-to-transcript-344.pdf,psalms,gentiles,
Chunk7,343,"Q&A 41",Heiser,MS,42:41,link-to-ep343.mp3,link-to-transcript-343.pdf,q&a,
Chunk7,342,"Ezekiel’s Dry Bones and the Gospel of John",Heiser,MS,1:07:25,link-to-ep342.mp3,link-to-transcript-342.pdf,ezekiel,john,
Chunk7,341,"The Book of Ezekiel in John 10",Heiser,MS,1:07:10,link-to-ep341.mp3,link-to-transcript-341.pdf,ezekiel,john,
Chunk7,340,"The Cloud of Witnesses in Hebrews 12",Heiser,MS,59:09,link-to-ep340.mp3,link-to-transcript-340.pdf,hebrews,cloud of witnesses,
Chunk7,339,"Exodus in the Gospel of Matthew",Heiser,MS,43:45,link-to-ep339.mp3,link-to-transcript-339.pdf,exodus,matthew,
Chunk7,338,"Conversation Series Part 5",Heiser,MS,1:00:38,link-to-ep338.mp3,link-to-transcript-338.pdf,conversation,
Chunk7,337,"Q&A 40",Heiser,MS,44:32,link-to-ep337.mp3,link-to-transcript-337.pdf,q&a,
Chunk7,336,"Begotten by the Spirit",Heiser,MS,1:05:48,link-to-ep336.mp3,link-to-transcript-336.pdf,spirit,begotten,
Chunk7,335,"Jesus as the Gardener",Heiser,MS,1:01:01,link-to-ep335.mp3,link-to-transcript-335.pdf,jesus,gardener,
Chunk7,334,"Paradise Lost",Heiser,MS,1:26:20,link-to-ep334.mp3,link-to-transcript-334.pdf,paradise,genesis,
Chunk7,333,"The Israelite King and Jesus as King",Heiser,MS,1:02:27,link-to-ep333.mp3,link-to-transcript-333.pdf,king,jesus,
Chunk7,332,"Conversation Series Part 4",Heiser,MS,1:04:35,link-to-ep332.mp3,link-to-transcript-332.pdf,conversation,
Chunk7,331,"Q&A 39",Heiser,MS,41:12,link-to-ep331.mp3,link-to-transcript-331.pdf,q&a,
Chunk7,330,"The Exodus and John 3:5",Heiser,MS,1:07:06,link-to-ep330.mp3,link-to-transcript-330.pdf,exodus,john,
Chunk7,329,"Binding and Loosing",Heiser,MS,1:04:22,link-to-ep329.mp3,link-to-transcript-329.pdf,jesus,law,
Chunk7,328,"Jesus and the Honeycomb",Heiser,MS,1:13:50,link-to-ep328.mp3,link-to-transcript-328.pdf,jesus,honeycomb,
Chunk7,327,"The Old Testament Afterlife and the Psalms of Korah",Heiser,MS,53:47,link-to-ep327.mp3,link-to-transcript-327.pdf,psalms,afterlife,
Chunk7,326,"Conversation Series Part 3",Heiser,MS,58:01,link-to-ep326.mp3,link-to-transcript-326.pdf,conversation,
Chunk7,325,"Q&A 38",Heiser,MS,44:45,link-to-ep325.mp3,link-to-transcript-325.pdf,q&a,
Chunk7,324,"Psalm 91 and Demons",Heiser,MS,1:20:28,link-to-ep324.mp3,link-to-transcript-324.pdf,psalm,demonology,
Chunk7,323,"Dr. Ben Witherington III",Heiser,MS,1:24:55,link-to-ep323.mp3,link-to-transcript-323.pdf,interview,
Chunk7,322,"Dr. Louis Markos",Heiser,MS,1:41:19,link-to-ep322.mp3,link-to-transcript-322.pdf,interview,
Chunk7,321,"Q&A 37",Heiser,MS,49:58,link-to-ep321.mp3,link-to-transcript-321.pdf,q&a,
Chunk7,320,"Conversation Series Part 2",Heiser,MS,52:02,link-to-ep320.mp3,link-to-transcript-320.pdf,conversation,
Chunk7,319,"Conversation Series Part 1",Heiser,MS,1:04:54,link-to-ep319.mp3,link-to-transcript-319.pdf,conversation,
Chunk7,318,"Divorce and Remarriage in the New Testament",Heiser,MS,54:30,link-to-ep318.mp3,link-to-transcript-318.pdf,divorce,new testament,
Chunk7,317,"Humanitarian Disaster Institute",Heiser,MS,51:52,link-to-ep317.mp3,link-to-transcript-317.pdf,interview,ngo,
Chunk7,316,"Divorce and Remarriage in the Old Testament",Heiser,MS,1:01:57,link-to-ep316.mp3,link-to-transcript-316.pdf,divorce,ot,
Chunk7,315,"Exodus Q&A Part 4",Heiser,MS,49:14,link-to-ep315.mp3,link-to-transcript-315.pdf,q&a,exodus,
Chunk7,314,"Exodus Q&A Part 3",Heiser,MS,52:18,link-to-ep314.mp3,link-to-transcript-314.pdf,q&a,exodus,
Chunk7,313,"Exodus Q&A Part 2",Heiser,MS,55:49,link-to-ep313.mp3,link-to-transcript-313.pdf,q&a,exodus,
Chunk7,312,"Exodus Q&A Part 1",Heiser,MS,54:59,link-to-ep312.mp3,link-to-transcript-312.pdf,q&a,exodus,
Chunk7,311,"Exodus 35-40",Heiser,MS,51:36,link-to-ep311.mp3,link-to-transcript-311.pdf,exodus,
Chunk7,310,"Exodus 33-34",Heiser,MS,1:14:37,link-to-ep310.mp3,link-to-transcript-310.pdf,exodus,
Chunk7,309,"Exodus 32-33",Heiser,MS,1:06:30,link-to-ep309.mp3,link-to-transcript-309.pdf,exodus,
Chunk7,308,"Exodus 32",Heiser,MS,1:11:59,link-to-ep308.mp3,link-to-transcript-308.pdf,exodus,
Chunk7,307,"Exodus 30-31",Heiser,MS,59:28,link-to-ep307.mp3,link-to-transcript-307.pdf,exodus,
Chunk7,306,"Exodus 28-29",Heiser,MS,1:08:57,link-to-ep306.mp3,link-to-transcript-306.pdf,exodus,
Chunk7,305,"EEM.org",Heiser,MS,54:41,link-to-ep305.mp3,link-to-transcript-305.pdf,organization,
Chunk7,304,"Exodus 26-27 Part 2",Heiser,MS,1:01:26,link-to-ep304.mp3,link-to-transcript-304.pdf,exodus,
Chunk7,303,"Exodus 26-27 Part 1",Heiser,MS,56:39,link-to-ep303.mp3,link-to-transcript-303.pdf,exodus,
Chunk7,302,"Bearing God’s Name",Heiser,MS,1:14:17,link-to-ep302.mp3,link-to-transcript-302.pdf,divine name,
Chunk7,301,"Q&A 36 Part 2",Heiser,MS,1:05:37,link-to-ep301.mp3,link-to-transcript-301.pdf,q&a,
Chunk6,300,"Q&A 36 Part 1",Heiser,MS,1:05:23,link-to-ep300.mp3,link-to-transcript-300.pdf,q&a,
Chunk6,299,"ETS/SBL Conferences",Heiser,MS,32:18,link-to-ep299.mp3,link-to-transcript-299.pdf,conference,
Chunk6,298,"Exodus 25 Part 3",Heiser,MS,1:11:01,link-to-ep298.mp3,link-to-transcript-298.pdf,exodus,
Chunk6,297,"Exodus 25 Part 2",Heiser,MS,58:57,link-to-ep297.mp3,link-to-transcript-297.pdf,exodus,
Chunk6,296,"Exodus 25 Part 1",Heiser,MS,46:07,link-to-ep296.mp3,link-to-transcript-296.pdf,exodus,
Chunk6,295,"Exodus 24 Part 2",Heiser,MS,52:01,link-to-ep295.mp3,link-to-transcript-295.pdf,exodus,
Chunk6,294,"Exodus 24 Part 1",Heiser,MS,45:32,link-to-ep294.mp3,link-to-transcript-294.pdf,exodus,
Chunk6,293,"Exodus 23:20-33",Heiser,MS,1:05:37,link-to-ep293.mp3,link-to-transcript-293.pdf,exodus,
Chunk6,292,"Q&A 35",Heiser,MS,45:42,link-to-ep292.mp3,link-to-transcript-292.pdf,q&a,
Chunk6,291,"Exodus 21-23 Part 2",Heiser,MS,1:11:38,link-to-ep291.mp3,link-to-transcript-291.pdf,exodus,
Chunk6,290,"Exodus 21-23 Part 1",Heiser,MS,1:12:10,link-to-ep290.mp3,link-to-transcript-290.pdf,exodus,
Chunk6,289,"Exodus 20 Part 3",Heiser,MS,1:19:51,link-to-ep289.mp3,link-to-transcript-289.pdf,exodus,
Chunk6,288,"Exodus 20 Part 2",Heiser,MS,1:19:03,link-to-ep288.mp3,link-to-transcript-288.pdf,exodus,
Chunk6,287,"Exodus 20 Part 1",Heiser,MS,54:20,link-to-ep287.mp3,link-to-transcript-287.pdf,exodus,
Chunk6,286,"Exodus 19",Heiser,MS,54:53,link-to-ep286.mp3,link-to-transcript-286.pdf,exodus,
Chunk6,285,"Evil and Satan",Heiser,MS,1:12:22,link-to-ep285.mp3,link-to-transcript-285.pdf,evil,satan,
Chunk6,284,"Exodus 18",Heiser,MS,1:03:45,link-to-ep284.mp3,link-to-transcript-284.pdf,exodus,
Chunk6,283,"Exodus 17 Part 2",Heiser,MS,1:21:07,link-to-ep283.mp3,link-to-transcript-283.pdf,exodus,
Chunk6,282,"Exodus 17 Part 1",Heiser,MS,1:03:12,link-to-ep282.mp3,link-to-transcript-282.pdf,exodus,
Chunk6,281,"Exodus 16",Heiser,MS,1:10:21,link-to-ep281.mp3,link-to-transcript-281.pdf,exodus,
Chunk6,280,"Exodus 15 Part 2",Heiser,MS,1:16:31,link-to-ep280.mp3,link-to-transcript-280.pdf,exodus,
Chunk6,279,"Stovall Weems",Heiser,MS,1:14:13,link-to-ep279.mp3,link-to-transcript-279.pdf,interview,
Chunk6,278,"Exodus 15 Part 1",Heiser,MS,1:15:06,link-to-ep278.mp3,link-to-transcript-278.pdf,exodus,
Chunk6,277,"Exodus 14 Part 2",Heiser,MS,48:01,link-to-ep277.mp3,link-to-transcript-277.pdf,exodus,
Chunk6,276,"Exodus 14 Part 1",Heiser,MS,1:00:30,link-to-ep276.mp3,link-to-transcript-276.pdf,exodus,
Chunk6,275,"Exodus 13",Heiser,MS,1:13:47,link-to-ep275.mp3,link-to-transcript-275.pdf,exodus,
Chunk6,274,"Q&A 34",Heiser,MS,55:54,link-to-ep274.mp3,link-to-transcript-274.pdf,q&a,
Chunk6,273,"Exodus 12 Part 2b",Heiser,MS,48:27,link-to-ep273.mp3,link-to-transcript-273.pdf,exodus,
Chunk6,272,"Exodus 12 Part 2a",Heiser,MS,45:53,link-to-ep272.mp3,link-to-transcript-272.pdf,exodus,
Chunk6,271,"Exodus 12 Part 1",Heiser,MS,1:14:35,link-to-ep271.mp3,link-to-transcript-271.pdf,exodus,
Chunk6,270,"Exodus 11-12",Heiser,MS,1:08:29,link-to-ep270.mp3,link-to-transcript-270.pdf,exodus,
Chunk6,269,"Exodus 8-10",Heiser,MS,1:02:13,link-to-ep269.mp3,link-to-transcript-269.pdf,exodus,
Chunk6,268,"Exodus 7:14-25",Heiser,MS,54:20,link-to-ep268.mp3,link-to-transcript-268.pdf,exodus,
Chunk6,267,"Exodus 7:1-13",Heiser,MS,1:14:48,link-to-ep267.mp3,link-to-transcript-267.pdf,exodus,
Chunk6,266,"Exodus 5-6",Heiser,MS,1:03:50,link-to-ep266.mp3,link-to-transcript-266.pdf,exodus,
Chunk6,265,"Exodus 4:18-31",Heiser,MS,1:11:29,link-to-ep265.mp3,link-to-transcript-265.pdf,exodus,
Chunk6,264,"Exodus 4:1-17",Heiser,MS,43:12,link-to-ep264.mp3,link-to-transcript-264.pdf,exodus,
Chunk6,263,"Exodus 3 Part 3",Heiser,MS,1:09:46,link-to-ep263.mp3,link-to-transcript-263.pdf,exodus,
Chunk6,262,"Exodus 3 Part 2b",Heiser,MS,42:50,link-to-ep262.mp3,link-to-transcript-262.pdf,exodus,
Chunk6,261,"Exodus 3 Part 2a",Heiser,MS,56:47,link-to-ep261.mp3,link-to-transcript-261.pdf,exodus,
Chunk6,260,"Exodus 3 Part 1",Heiser,MS,1:13:06,link-to-ep260.mp3,link-to-transcript-260.pdf,exodus,
Chunk6,259,"Exodus 2:11-25",Heiser,MS,1:02:20,link-to-ep259.mp3,link-to-transcript-259.pdf,exodus,
Chunk6,258,"The Bible Project",Heiser,MS,1:04:13,link-to-ep258.mp3,link-to-transcript-258.pdf,bible,project,
Chunk6,257,"Exodus 2:1-10",Heiser,MS,1:09:41,link-to-ep257.mp3,link-to-transcript-257.pdf,exodus,
Chunk6,256,"Exodus 1 Part 2",Heiser,MS,57:35,link-to-ep256.mp3,link-to-transcript-256.pdf,exodus,
Chunk6,255,"Exodus 1 Part 1",Heiser,MS,1:11:25,link-to-ep255.mp3,link-to-transcript-255.pdf,exodus,
Chunk6,254,"Introducing the Book of Exodus",Heiser,MS,1:05:46,link-to-ep254.mp3,link-to-transcript-254.pdf,exodus,
Chunk6,253,"The Persecuted Church in Nepal",Heiser,MS,50:26,link-to-ep253.mp3,link-to-transcript-253.pdf,church,persecution,
Chunk6,252,"The Day of the Lord",Heiser,MS,1:23:27,link-to-ep252.mp3,link-to-transcript-252.pdf,eschatology,
Chunk6,251,"The Church Fathers and Genesis 1",Heiser,MS,55:58,link-to-ep251.mp3,link-to-transcript-251.pdf,genesis,church fathers,
Chunk5,250,"The Pastoral Epistles",Heiser,MS,59:20,link-to-ep250.mp3,link-to-transcript-250.pdf,pastoral epistles,
Chunk5,249,"Did Israelites View Their Judges as Gods?",Heiser,MS,1:02:19,link-to-ep249.mp3,link-to-transcript-249.pdf,judges,gods,
Chunk5,248,"Live From Denver",Heiser,MS,2:16:41,link-to-ep248.mp3,link-to-transcript-248.pdf,conference,
Chunk5,247,"SBL Conference Interviews Part 2",Heiser,MS,1:15:43,link-to-ep247.mp3,link-to-transcript-247.pdf,conference,sbl,
Chunk5,246,"SBL Conference Interviews Part 1",Heiser,MS,1:05:08,link-to-ep246.mp3,link-to-transcript-246.pdf,conference,sbl,
Chunk5,245,"ETS Conference Interviews Part 4",Heiser,MS,1:08:53,link-to-ep245.mp3,link-to-transcript-245.pdf,conference,ets,
Chunk5,244,"ETS Conference Interviews Part 3",Heiser,MS,49:38,link-to-ep244.mp3,link-to-transcript-244.pdf,conference,ets,
Chunk5,243,"ETS Conference Interviews Part 2",Heiser,MS,45:13,link-to-ep243.mp3,link-to-transcript-243.pdf,conference,ets,
Chunk5,242,"ETS Conference Interviews Part 1",Heiser,MS,52:26,link-to-ep242.mp3,link-to-transcript-242.pdf,conference,ets,
Chunk5,241,"Psalms 24 and 29 in Their Ancient Context",Heiser,MS,1:15:44,link-to-ep241.mp3,link-to-transcript-241.pdf,psalms,
Chunk5,240,"Colossians Q&A",Heiser,MS,54:39,link-to-ep240.mp3,link-to-transcript-240.pdf,colossians,q&a,
Chunk5,239,"Q&A 33",Heiser,MS,56:56,link-to-ep239.mp3,link-to-transcript-239.pdf,q&a,
Chunk5,238,"Q&A 32",Heiser,MS,45:18,link-to-ep238.mp3,link-to-transcript-238.pdf,q&a,
Chunk5,237,"Colossians 4",Heiser,MS,1:09:41,link-to-ep237.mp3,link-to-transcript-237.pdf,colossians,
Chunk5,236,"Colossians 3:18-25",Heiser,MS,1:16:38,link-to-ep236.mp3,link-to-transcript-236.pdf,colossians,
Chunk5,235,"Colossians 3:1-17",Heiser,MS,1:02:57,link-to-ep235.mp3,link-to-transcript-235.pdf,colossians,
Chunk5,234,"Apps and Art",Heiser,MS,1:30:54,link-to-ep234.mp3,link-to-transcript-234.pdf,technology,art,
Chunk5,233,"Honor and Shame Culture",Heiser,MS,1:00:55,link-to-ep233.mp3,link-to-transcript-233.pdf,culture,
Chunk5,232,"Colossians 2:13-23",Heiser,MS,1:06:13,link-to-ep232.mp3,link-to-transcript-232.pdf,colossians,
Chunk5,231,"Colossians 2:11-12",Heiser,MS,1:17:17,link-to-ep231.mp3,link-to-transcript-231.pdf,colossians,
Chunk5,230,"Colossians 2:9-10",Heiser,MS,1:06:36,link-to-ep230.mp3,link-to-transcript-230.pdf,colossians,
Chunk5,229,"Colossians 2:6-8",Heiser,MS,1:10:36,link-to-ep229.mp3,link-to-transcript-229.pdf,colossians,
Chunk5,228,"Colossians 1:21-2:5",Heiser,MS,1:00:00,link-to-ep228.mp3,link-to-transcript-228.pdf,colossians,
Chunk5,227,"Colossians 1:13-20",Heiser,MS,1:16:57,link-to-ep227.mp3,link-to-transcript-227.pdf,colossians,
Chunk5,226,"Colossians 1:1-13",Heiser,MS,55:35,link-to-ep226.mp3,link-to-transcript-226.pdf,colossians,
Chunk5,225,"Introducing the Book of Colossians",Heiser,MS,1:07:28,link-to-ep225.mp3,link-to-transcript-225.pdf,colossians,
Chunk5,224,"The Falling Away and the Restrainer",Heiser,MS,1:09:02,link-to-ep224.mp3,link-to-transcript-224.pdf,eschatology,
Chunk5,223,"Q&A 31",Heiser,MS,43:03,link-to-ep223.mp3,link-to-transcript-223.pdf,q&a,
Chunk5,222,"Trees and Kings with Rusty Osborne",Heiser,MS,1:09:39,link-to-ep222.mp3,link-to-transcript-222.pdf,trees,kings,
Chunk5,221,"Baptism for the Dead",Heiser,MS,1:03:05,link-to-ep221.mp3,link-to-transcript-221.pdf,baptism,
Chunk5,220,"Q&A 30",Heiser,MS,36:24,link-to-ep220.mp3,link-to-transcript-220.pdf,q&a,
Chunk5,219,"Q&A 29",Heiser,MS,32:01,link-to-ep219.mp3,link-to-transcript-219.pdf,q&a,
Chunk5,218,"Authorship and Date of the Book of Job",Heiser,MS,1:06:03,link-to-ep218.mp3,link-to-transcript-218.pdf,job,
Chunk5,217,"Authorship and Date of the Book of Isaiah",Heiser,MS,1:24:40,link-to-ep217.mp3,link-to-transcript-217.pdf,isaiah,
Chunk5,216,"Q&A 28",Heiser,MS,27:47,link-to-ep216.mp3,link-to-transcript-216.pdf,q&a,
Chunk5,215,"Q&A 27",Heiser,MS,23:00,link-to-ep215.mp3,link-to-transcript-215.pdf,q&a,
Chunk5,214,"Q&A 26",Heiser,MS,47:11,link-to-ep214.mp3,link-to-transcript-214.pdf,q&a,
Chunk5,213,"Do Good Works Contribute to Salvation?",Heiser,MS,1:28:04,link-to-ep213.mp3,link-to-transcript-213.pdf,salvation,works,
Chunk5,212,"Joshua’s Conquest of Jericho and the Ugaritic Keret Epic",Heiser,MS,1:11:42,link-to-ep212.mp3,link-to-transcript-212.pdf,joshua,
Chunk5,211,"Was Cain the Seed of the Serpent?",Heiser,MS,1:09:30,link-to-ep211.mp3,link-to-transcript-211.pdf,cain,
Chunk5,210,"God and Deception",Heiser,MS,57:24,link-to-ep210.mp3,link-to-transcript-210.pdf,deception,
Chunk5,209,"A Fern and Audrey Testimony",Heiser,MS,1:01:20,link-to-ep209.mp3,link-to-transcript-209.pdf,testimony,
Chunk5,208,"Q&A 25",Heiser,MS,51:43,link-to-ep208.mp3,link-to-transcript-208.pdf,q&a,
Chunk5,207,"Revelation 4-5 with Dr. Alan Bandy",Heiser,MS,1:08:32,link-to-ep207.mp3,link-to-transcript-207.pdf,revelation,
Chunk5,206,"The 70 Bulls of the Feast of Tabernacles",Heiser,MS,54:25,link-to-ep206.mp3,link-to-transcript-206.pdf,tabernacles,
Chunk5,205,"The Sword and the Servant with David Burnett",Heiser,MS,1:15:49,link-to-ep205.mp3,link-to-transcript-205.pdf,sword,david burnett,
Chunk5,204,"Grammar and Bible Study with Steve Runge",Heiser,MS,1:28:17,link-to-ep204.mp3,link-to-transcript-204.pdf,grammar,study,
Chunk5,203,"Q&A 24",Heiser,MS,45:02,link-to-ep203.mp3,link-to-transcript-203.pdf,q&a,
Chunk5,202,"Hebrews Q&A Part 2",Heiser,MS,43:22,link-to-ep202.mp3,link-to-transcript-202.pdf,hebrews,q&a,
Chunk5,201,"Hebrews Q&A Part 1",Heiser,MS,52:38,link-to-ep201.mp3,link-to-transcript-201.pdf,hebrews,q&a,
Chunk4,200,"Global Reach",Heiser,MS,1:49:39,link-to-ep200.mp3,link-to-transcript-200.pdf,global,missions,
Chunk4,199,"Hebrews 13",Heiser,MS,1:05:24,link-to-ep199.mp3,link-to-transcript-199.pdf,hebrews,
Chunk4,198,"Hebrews 12",Heiser,MS,1:19:30,link-to-ep198.mp3,link-to-transcript-198.pdf,hebrews,
Chunk4,197,"Hebrews 11",Heiser,MS,1:02:22,link-to-ep197.mp3,link-to-transcript-197.pdf,hebrews,
Chunk4,196,"Hebrews 10",Heiser,MS,1:16:41,link-to-ep196.mp3,link-to-transcript-196.pdf,hebrews,
Chunk4,195,"Is Christmas a Pagan Holiday?",Heiser,MS,1:33:53,link-to-ep195.mp3,link-to-transcript-195.pdf,holiday,christmas,
Chunk4,194,"Hebrews 9",Heiser,MS,59:09,link-to-ep194.mp3,link-to-transcript-194.pdf,hebrews,
Chunk4,193,"Hebrews 8",Heiser,MS,1:14:03,link-to-ep193.mp3,link-to-transcript-193.pdf,hebrews,
Chunk4,192,"SBL Conference Interviews Part 3",Heiser,MS,26:38,link-to-ep192.mp3,link-to-transcript-192.pdf,conference,sbl,
Chunk4,191,"SBL Conference Interviews Part 2",Heiser,MS,1:03:54,link-to-ep191.mp3,link-to-transcript-191.pdf,conference,sbl,
Chunk4,190,"SBL Conference Interviews Part 1",Heiser,MS,59:07,link-to-ep190.mp3,link-to-transcript-190.pdf,conference,sbl,
Chunk4,189,"Live from Boston",Heiser,MS,1:37:30,link-to-ep189.mp3,link-to-transcript-189.pdf,conference,
Chunk4,188,"ETS Conference Interviews Part 2",Heiser,MS,1:23:51,link-to-ep188.mp3,link-to-transcript-188.pdf,conference,ets,
Chunk4,187,"ETS Conference Interviews Part 1",Heiser,MS,1:17:44,link-to-ep187.mp3,link-to-transcript-187.pdf,conference,ets,
Chunk4,186,"Discovering MErcy with Fern and Audrey",Heiser,MS,58:19,link-to-ep186.mp3,link-to-transcript-186.pdf,interview,
Chunk4,185,"Hebrews 7",Heiser,MS,1:12:26,link-to-ep185.mp3,link-to-transcript-185.pdf,hebrews,
Chunk4,184,"Hebrews 5:11-6:20",Heiser,MS,1:27:21,link-to-ep184.mp3,link-to-transcript-184.pdf,hebrews,
Chunk4,183,"Hebrews 4:14-5:10",Heiser,MS,49:18,link-to-ep183.mp3,link-to-transcript-183.pdf,hebrews,
Chunk4,182,"Hebrews 4:1-13",Heiser,MS,52:43,link-to-ep182.mp3,link-to-transcript-182.pdf,hebrews,
Chunk4,181,"Hebrews 3",Heiser,MS,1:04:58,link-to-ep181.mp3,link-to-transcript-181.pdf,hebrews,
Chunk4,180,"Continuing the NAR Conversation with Dr. Michael L. Brown",Heiser,MS,1:12:07,link-to-ep180.mp3,link-to-transcript-180.pdf,nar,interview,
Chunk4,179,"What is the New Apostolic Reformation?",Heiser,MS,1:27:01,link-to-ep179.mp3,link-to-transcript-179.pdf,nar,
Chunk4,178,"Why the World Didn’t End on September 23",Heiser,MS,1:02:35,link-to-ep178.mp3,link-to-transcript-178.pdf,eschatology,
Chunk4,177,"Hebrews 2",Heiser,MS,1:15:59,link-to-ep177.mp3,link-to-transcript-177.pdf,hebrews,
Chunk4,176,"Hebrews 1:5-14",Heiser,MS,1:02:36,link-to-ep176.mp3,link-to-transcript-176.pdf,hebrews,
Chunk4,175,"Hebrews 1:1-4",Heiser,MS,1:03:26,link-to-ep175.mp3,link-to-transcript-175.pdf,hebrews,
Chunk4,174,"Live from Lubbock",Heiser,MS,56:12,link-to-ep174.mp3,link-to-transcript-174.pdf,conference,
Chunk4,173,"Introducing the Book of Hebrews",Heiser,MS,1:08:44,link-to-ep173.mp3,link-to-transcript-173.pdf,hebrews,
Chunk4,172,"Melchizedek Q&A",Heiser,MS,1:01:17,link-to-ep172.mp3,link-to-transcript-172.pdf,melchizedek,q&a,
Chunk4,171,"Q&A 23",Heiser,MS,1:08:33,link-to-ep171.mp3,link-to-transcript-171.pdf,q&a,
Chunk4,170,"Melchizedek Part 3",Heiser,MS,47:43,link-to-ep170.mp3,link-to-transcript-170.pdf,melchizedek,
Chunk4,169,"Surviving and Thriving in Seminary",Heiser,MS,1:34:42,link-to-ep169.mp3,link-to-transcript-169.pdf,seminary,
Chunk4,168,"Melchizedek Part 2",Heiser,MS,1:12:07,link-to-ep168.mp3,link-to-transcript-168.pdf,melchizedek,
Chunk4,167,"Melchizedek Part 1b",Heiser,MS,59:29,link-to-ep167.mp3,link-to-transcript-167.pdf,melchizedek,
Chunk4,166,"Melchizedek Part 1a",Heiser,MS,44:43,link-to-ep166.mp3,link-to-transcript-166.pdf,melchizedek,
Chunk4,165,"Q&A 22",Heiser,MS,52:57,link-to-ep165.mp3,link-to-transcript-165.pdf,q&a,
Chunk4,164,"Paul’s Ascent and Angelic Torment with David Burnett",Heiser,MS,1:14:57,link-to-ep164.mp3,link-to-transcript-164.pdf,paul,david burnett,
Chunk4,163,"Other Gods and Other Religions with Gerald McDermott",Heiser,MS,1:07:46,link-to-ep163.mp3,link-to-transcript-163.pdf,other gods,
Chunk4,162,"The Evil Eye",Heiser,MS,1:16:36,link-to-ep162.mp3,link-to-transcript-162.pdf,evil eye,
Chunk4,161,"Translating Genesis 1-11",Heiser,MS,1:05:55,link-to-ep161.mp3,link-to-transcript-161.pdf,genesis,
Chunk4,160,"Q&A 21",Heiser,MS,1:14:15,link-to-ep160.mp3,link-to-transcript-160.pdf,q&a,
Chunk4,159,"Noah’s Nakedness, the Sin of Ham, and the Curse of Canaan",Heiser,MS,48:15,link-to-ep159.mp3,link-to-transcript-159.pdf,noah,ham,canaan,
Chunk4,158,"The Fate of the Ark of the Covenant",Heiser,MS,1:31:27,link-to-ep158.mp3,link-to-transcript-158.pdf,ark,
Chunk4,157,"Ezekiel 40-48 Part 2",Heiser,MS,1:18:03,link-to-ep157.mp3,link-to-transcript-157.pdf,ezekiel,
Chunk4,156,"Ezekiel 40-48 Part 1",Heiser,MS,1:04:36,link-to-ep156.mp3,link-to-transcript-156.pdf,ezekiel,
Chunk4,155,"David Limbaugh",Heiser,MS,1:07:51,link-to-ep155.mp3,link-to-transcript-155.pdf,david limbaugh,
Chunk4,154,"Q&A 20",Heiser,MS,1:34:18,link-to-ep154.mp3,link-to-transcript-154.pdf,q&a,
Chunk4,153,"Ezekiel 38-39 Part 2",Heiser,MS,1:05:03,link-to-ep153.mp3,link-to-transcript-153.pdf,ezekiel,
Chunk4,152,"Ezekiel 38-39 Part 1",Heiser,MS,1:01:58,link-to-ep152.mp3,link-to-transcript-152.pdf,ezekiel,
Chunk4,151,"Ezekiel 37",Heiser,MS,1:20:42,link-to-ep151.mp3,link-to-transcript-151.pdf,ezekiel,
Chunk3,150,"Ezekiel 35-36",Heiser,MS,45:39,link-to-ep150.mp3,link-to-transcript-150.pdf,ezekiel,
Chunk3,149,"Q&A with Fern, Audrey, and Beth",Heiser,MS,1:18:46,link-to-ep149.mp3,link-to-transcript-149.pdf,q&a,
Chunk3,148,"Q&A 19",Heiser,MS,1:01:20,link-to-ep148.mp3,link-to-transcript-148.pdf,q&a,
Chunk3,147,"Ezekiel 33-34",Heiser,MS,1:03:37,link-to-ep147.mp3,link-to-transcript-147.pdf,ezekiel,
Chunk3,146,"Ezekiel 32",Heiser,MS,1:00:39,link-to-ep146.mp3,link-to-transcript-146.pdf,ezekiel,
Chunk3,145,"Ezekiel 31",Heiser,MS,1:10:19,link-to-ep145.mp3,link-to-transcript-145.pdf,ezekiel,
Chunk3,144,"Ezekiel 29-30",Heiser,MS,1:08:43,link-to-ep144.mp3,link-to-transcript-144.pdf,ezekiel,
Chunk3,143,"Ezekiel 28",Heiser,MS,1:04:07,link-to-ep143.mp3,link-to-transcript-143.pdf,ezekiel,
Chunk3,142,"Ezekiel 26-27",Heiser,MS,49:13,link-to-ep142.mp3,link-to-transcript-142.pdf,ezekiel,
Chunk3,141,"Ezekiel 25",Heiser,MS,55:30,link-to-ep141.mp3,link-to-transcript-141.pdf,ezekiel,
Chunk3,140,"Ezekiel 24",Heiser,MS,47:59,link-to-ep140.mp3,link-to-transcript-140.pdf,ezekiel,
Chunk3,139,"Q&A 18",Heiser,MS,1:02:21,link-to-ep139.mp3,link-to-transcript-139.pdf,q&a,
Chunk3,138,"What Day was Jesus Born?",Heiser,MS,1:39:36,link-to-ep138.mp3,link-to-transcript-138.pdf,jesus birth,
Chunk3,137,"Ezekiel 23",Heiser,MS,58:59,link-to-ep137.mp3,link-to-transcript-137.pdf,ezekiel,
Chunk3,136,"Ezekiel 21-22",Heiser,MS,56:41,link-to-ep136.mp3,link-to-transcript-136.pdf,ezekiel,
Chunk3,135,"Ezekiel 19-20",Heiser,MS,1:24:14,link-to-ep135.mp3,link-to-transcript-135.pdf,ezekiel,
Chunk3,134,"Conference Interviews Part 6",Heiser,MS,1:03:52,link-to-ep134.mp3,link-to-transcript-134.pdf,conference,
Chunk3,133,"Live from San Antonio",Heiser,MS,2:21:18,link-to-ep133.mp3,link-to-transcript-133.pdf,conference,
Chunk3,132,"Conference Interviews Part 5",Heiser,MS,55:05,link-to-ep132.mp3,link-to-transcript-132.pdf,conference,
Chunk3,131,"Conference Interviews Part 4",Heiser,MS,1:07:29,link-to-ep131.mp3,link-to-transcript-131.pdf,conference,
Chunk3,130,"Conference Interviews Part 3",Heiser,MS,50:41,link-to-ep130.mp3,link-to-transcript-130.pdf,conference,
Chunk3,129,"Conference Interviews Part 2",Heiser,MS,56:55,link-to-ep129.mp3,link-to-transcript-129.pdf,conference,
Chunk3,128,"Conference Interviews Part 1",Heiser,MS,1:08:32,link-to-ep128.mp3,link-to-transcript-128.pdf,conference,
Chunk3,127,"Q&A 17",Heiser,MS,57:02,link-to-ep127.mp3,link-to-transcript-127.pdf,q&a,
Chunk3,126,"Ezekiel 18",Heiser,MS,55:39,link-to-ep126.mp3,link-to-transcript-126.pdf,ezekiel,
Chunk3,125,"Bible Study Tools",Heiser,MS,1:20:36,link-to-ep125.mp3,link-to-transcript-125.pdf,tools,
Chunk3,124,"Ezekiel 17",Heiser,MS,1:00:04,link-to-ep124.mp3,link-to-transcript-124.pdf,ezekiel,
Chunk3,123,"Ezekiel 16",Heiser,MS,1:13:06,link-to-ep123.mp3,link-to-transcript-123.pdf,ezekiel,
Chunk3,122,"Ezekiel 14-15",Heiser,MS,1:07:24,link-to-ep122.mp3,link-to-transcript-122.pdf,ezekiel,
Chunk3,121,"Ezekiel 12-13",Heiser,MS,51:39,link-to-ep121.mp3,link-to-transcript-121.pdf,ezekiel,
Chunk3,120,"Fern, Audrey, and Beth",Heiser,MS,1:23:55,link-to-ep120.mp3,link-to-transcript-120.pdf,interview,
Chunk3,119,"Ezekiel 10-11",Heiser,MS,1:14:49,link-to-ep119.mp3,link-to-transcript-119.pdf,ezekiel,
Chunk3,118,"Q&A 16",Heiser,MS,1:24:40,link-to-ep118.mp3,link-to-transcript-118.pdf,q&a,
Chunk3,117,"Ezekiel 8-9",Heiser,MS,1:21:43,link-to-ep117.mp3,link-to-transcript-117.pdf,ezekiel,
Chunk3,116,"Ezekiel 7",Heiser,MS,1:05:00,link-to-ep116.mp3,link-to-transcript-116.pdf,ezekiel,
Chunk3,115,"Ezekiel 6",Heiser,MS,1:16:05,link-to-ep115.mp3,link-to-transcript-115.pdf,ezekiel,
Chunk3,114,"Ezekiel 4-5",Heiser,MS,1:13:24,link-to-ep114.mp3,link-to-transcript-114.pdf,ezekiel,
Chunk3,113,"Ezekiel 2-3",Heiser,MS,1:09:06,link-to-ep113.mp3,link-to-transcript-113.pdf,ezekiel,
Chunk3,112,"Ezekiel 1",Heiser,MS,1:07:18,link-to-ep112.mp3,link-to-transcript-112.pdf,ezekiel,
Chunk3,111,"Introducing the Book of Ezekiel",Heiser,MS,1:06:26,link-to-ep111.mp3,link-to-transcript-111.pdf,ezekiel,
Chunk3,110,"Q&A 15",Heiser,MS,1:14:19,link-to-ep110.mp3,link-to-transcript-110.pdf,q&a,
Chunk3,109,"John 10, gods or Men?",Heiser,MS,48:44,link-to-ep109.mp3,link-to-transcript-109.pdf,john 10,
Chunk3,108,"Q&A 14",Heiser,MS,50:45,link-to-ep108.mp3,link-to-transcript-108.pdf,q&a,
Chunk3,107,"Book of Obadiah Part 2",Heiser,MS,1:01:29,link-to-ep107.mp3,link-to-transcript-107.pdf,obadiah,
Chunk3,106,"Book of Obadiah Part 1",Heiser,MS,48:49,link-to-ep106.mp3,link-to-transcript-106.pdf,obadiah,
Chunk3,105,"Q&A 13",Heiser,MS,1:04:43,link-to-ep105.mp3,link-to-transcript-105.pdf,q&a,
Chunk3,104,"How We Got the Old Testament",Heiser,MS,1:26:36,link-to-ep104.mp3,link-to-transcript-104.pdf,old testament,
Chunk3,103,"Moses and the Bronze Serpent",Heiser,MS,1:13:20,link-to-ep103.mp3,link-to-transcript-103.pdf,moses,bronze serpent,
Chunk3,102,"What does “All Israel will be saved” Mean?",Heiser,MS,54:16,link-to-ep102.mp3,link-to-transcript-102.pdf,israel,salvation,
Chunk3,101,"Jesus, the Exile, and the Tribulation",Heiser,MS,1:15:15,link-to-ep101.mp3,link-to-transcript-101.pdf,jesus,tribulation,
Chunk2,100,"Celebration",Heiser,MS,1:16:42,link-to-ep100.mp3,link-to-transcript-100.pdf,celebration,
Chunk2,99,"Debunking Greek NT Manuscript Conspiracies",Heiser,MS,1:32:14,link-to-ep99.mp3,link-to-transcript-99.pdf,manuscripts,
Chunk2,98,"House Churches",Heiser,MS,1:30:04,link-to-ep98.mp3,link-to-transcript-98.pdf,churches,
Chunk2,97,"Q&A 12",Heiser,MS,48:09,link-to-ep97.mp3,link-to-transcript-97.pdf,q&a,
Chunk2,96,"Q&A 11",Heiser,MS,1:22:20,link-to-ep96.mp3,link-to-transcript-96.pdf,q&a,
Chunk2,95,"David Burnett – Resurrection and the Death of the Gods",Burnett,DB,1:48:35,link-to-ep95.mp3,link-to-transcript-95.pdf,resurrection,death of gods,
Chunk2,94,"The Sin of the Watchers and Galatians 3-4",Heiser,MS,1:20:31,link-to-ep94.mp3,link-to-transcript-94.pdf,watchers,galatians,
Chunk2,93,"The Book of Enoch in the Early Church",Heiser,MS,1:02:36,link-to-ep93.mp3,link-to-transcript-93.pdf,book of enoch,early church,
Chunk2,92,"Stones of Fire",Heiser,MS,37:42,link-to-ep92.mp3,link-to-transcript-92.pdf,stones,fire,
Chunk2,91,"Q&A 10",Heiser,MS,1:10:12,link-to-ep91.mp3,link-to-transcript-91.pdf,q&a,
Chunk2,90,"Lake of Fire",Heiser,MS,50:21,link-to-ep90.mp3,link-to-transcript-90.pdf,lake of fire,
Chunk2,89,"The Book of Life",Heiser,MS,1:03:42,link-to-ep89.mp3,link-to-transcript-89.pdf,book of life,
Chunk2,88,"What is the “spiritual body” Paul talks about in 1 Cor 15?",Heiser,MS,49:35,link-to-ep88.mp3,link-to-transcript-88.pdf,spiritual body,paul,
Chunk2,87,"Exorcism of Demons as Part of the Messianic Profile",Heiser,MS,43:17,link-to-ep87.mp3,link-to-transcript-87.pdf,exorcism,demons,
Chunk2,86,"The Head Covering of 1 Corinthians 11:13-15",Heiser,MS,58:11,link-to-ep86.mp3,link-to-transcript-86.pdf,head covering,
Chunk2,85,"Q&A 9",Heiser,MS,1:09:16,link-to-ep85.mp3,link-to-transcript-85.pdf,q&a,
Chunk2,84,"Leviticus 26-27",Heiser,MS,1:08:59,link-to-ep84.mp3,link-to-transcript-84.pdf,leviticus,
Chunk2,83,"Leviticus 23-25",Heiser,MS,1:16:26,link-to-ep83.mp3,link-to-transcript-83.pdf,leviticus,
Chunk2,82,"Q&A 8",Heiser,MS,1:15:32,link-to-ep82.mp3,link-to-transcript-82.pdf,q&a,
Chunk2,81,"Leviticus 21-22",Heiser,MS,59:45,link-to-ep81.mp3,link-to-transcript-81.pdf,leviticus,
Chunk2,80,"Leviticus 19-20",Heiser,MS,1:02:41,link-to-ep80.mp3,link-to-transcript-80.pdf,leviticus,
Chunk2,79,"Leviticus 17-18",Heiser,MS,1:17:11,link-to-ep79.mp3,link-to-transcript-79.pdf,leviticus,
Chunk2,78,"Conference Interviews Part 2",Heiser,MS,36:28,link-to-ep78.mp3,link-to-transcript-78.pdf,conference,
Chunk2,77,"Conference Interviews Part 1",Heiser,MS,1:07:06,link-to-ep77.mp3,link-to-transcript-77.pdf,conference,
Chunk2,76,"Leviticus 16",Heiser,MS,59:55,link-to-ep76.mp3,link-to-transcript-76.pdf,leviticus,
Chunk2,75,"Leviticus 12-15",Heiser,MS,59:48,link-to-ep75.mp3,link-to-transcript-75.pdf,leviticus,
Chunk2,74,"Leviticus 11",Heiser,MS,45:51,link-to-ep74.mp3,link-to-transcript-74.pdf,leviticus,
Chunk2,73,"Leviticus 10",Heiser,MS,38:57,link-to-ep73.mp3,link-to-transcript-73.pdf,leviticus,
Chunk2,72,"Leviticus 8-9",Heiser,MS,55:01,link-to-ep72.mp3,link-to-transcript-72.pdf,leviticus,
Chunk2,71,"Q&A 7",Heiser,MS,1:13:11,link-to-ep71.mp3,link-to-transcript-71.pdf,q&a,
Chunk2,70,"Q&A 6",Heiser,MS,1:07:28,link-to-ep70.mp3,link-to-transcript-70.pdf,q&a,
Chunk2,69,"Leviticus 6-7",Heiser,MS,1:01:27,link-to-ep69.mp3,link-to-transcript-69.pdf,leviticus,
Chunk2,68,"Interview with Fern and Audrey",Heiser,MS,52:51,link-to-ep68.mp3,link-to-transcript-68.pdf,interview,
Chunk2,67,"Leviticus 5",Heiser,MS,49:09,link-to-ep67.mp3,link-to-transcript-67.pdf,leviticus,
Chunk2,66,"Leviticus 4",Heiser,MS,53:33,link-to-ep66.mp3,link-to-transcript-66.pdf,leviticus,
Chunk2,65,"Leviticus 2-3",Heiser,MS,49:29,link-to-ep65.mp3,link-to-transcript-65.pdf,leviticus,
Chunk2,64,"Leviticus 1",Heiser,MS,47:16,link-to-ep64.mp3,link-to-transcript-64.pdf,leviticus,
Chunk2,63,"Introducing Leviticus",Heiser,MS,56:37,link-to-ep63.mp3,link-to-transcript-63.pdf,leviticus,
Chunk2,62,"Q&A 5",Heiser,MS,1:09:35,link-to-ep62.mp3,link-to-transcript-62.pdf,q&a,
Chunk2,61,"David Burnett",Burnett,DB,59:15,link-to-ep61.mp3,link-to-transcript-61.pdf,interview,
Chunk2,60,"Acts 27-28",Heiser,MS,48:25,link-to-ep60.mp3,link-to-transcript-60.pdf,acts,
Chunk2,59,"Q&A 4",Heiser,MS,1:12:10,link-to-ep59.mp3,link-to-transcript-59.pdf,q&a,
Chunk2,58,"Acts 23-26",Heiser,MS,45:08,link-to-ep58.mp3,link-to-transcript-58.pdf,acts,
Chunk2,57,"Acts 22",Heiser,MS,40:58,link-to-ep57.mp3,link-to-transcript-57.pdf,acts,
Chunk2,56,"Acts 20-21",Heiser,MS,44:03,link-to-ep56.mp3,link-to-transcript-56.pdf,acts,
Chunk2,55,"Dr. Ronn Johnson",Johnson,RJ,59:36,link-to-ep55.mp3,link-to-transcript-55.pdf,interview,
Chunk2,54,"Acts 18-19",Heiser,MS,1:06:01,link-to-ep54.mp3,link-to-transcript-54.pdf,acts,
Chunk2,53,"Q&A 3",Heiser,MS,1:26:26,link-to-ep53.mp3,link-to-transcript-53.pdf,q&a,
Chunk2,52,"Acts 16-17",Heiser,MS,49:47,link-to-ep52.mp3,link-to-transcript-52.pdf,acts,
Chunk2,51,"Acts 15",Heiser,MS,57:56,link-to-ep51.mp3,link-to-transcript-51.pdf,acts,
Chunk1,50,"Acts 14",Heiser,MS,45:52,link-to-ep50.mp3,link-to-transcript-50.pdf,acts,
Chunk1,49,"Acts 13",Heiser,MS,44:58,link-to-ep49.mp3,link-to-transcript-49.pdf,acts,
Chunk1,48,"Acts 11-12",Heiser,MS,53:53,link-to-ep48.mp3,link-to-transcript-48.pdf,acts,
Chunk1,47,"Acts 10",Heiser,MS,47:34,link-to-ep47.mp3,link-to-transcript-47.pdf,acts,
Chunk1,46,"Q&A 2",Heiser,MS,1:13:33,link-to-ep46.mp3,link-to-transcript-46.pdf,q&a,
Chunk1,45,"Acts 9",Heiser,MS,51:03,link-to-ep45.mp3,link-to-transcript-45.pdf,acts,
Chunk1,44,"Acts 8",Heiser,MS,41:45,link-to-ep44.mp3,link-to-transcript-44.pdf,acts,
Chunk1,43,"Acts 6-7",Heiser,MS,49:42,link-to-ep43.mp3,link-to-transcript-43.pdf,acts,
Chunk1,42,"Acts 4-5",Heiser,MS,52:52,link-to-ep42.mp3,link-to-transcript-42.pdf,acts,
Chunk1,41,"Acts 3",Heiser,MS,50:29,link-to-ep41.mp3,link-to-transcript-41.pdf,acts,
Chunk1,40,"Q&A 1",Heiser,MS,45:21,link-to-ep40.mp3,link-to-transcript-40.pdf,q&a,
Chunk1,39,"Acts 2:42-47",Heiser,MS,33:08,link-to-ep39.mp3,link-to-transcript-39.pdf,acts,
Chunk1,38,"Acts 2:22-41",Heiser,MS,51:52,link-to-ep38.mp3,link-to-transcript-38.pdf,acts,
Chunk1,37,"Acts 2:1-21",Heiser,MS,1:04:17,link-to-ep37.mp3,link-to-transcript-37.pdf,acts,
Chunk1,36,"Acts 1:12-26",Heiser,MS,41:57,link-to-ep36.mp3,link-to-transcript-36.pdf,acts,
Chunk1,35,"Acts 1:1-11",Heiser,MS,40:52,link-to-ep35.mp3,link-to-transcript-35.pdf,acts,
Chunk1,34,"Version 2.0",Heiser,MS,42:55,link-to-ep34.mp3,link-to-transcript-34.pdf,version,
Chunk1,33,"Studying the Original Languages of the Bible: Word Study Techniques, Part 2",Heiser,MS,20:49,link-to-ep33.mp3,link-to-transcript-33.pdf,languages,word study
Chunk1,32,"Studying the Original Languages of the Bible: Word Study Techniques, Part 1",Heiser,MS,26:31,link-to-ep32.mp3,link-to-transcript-32.pdf,languages,word study
Chunk1,31,"Studying the Original Languages of the Bible: Exegetical Fallacies",Heiser,MS,19:54,link-to-ep31.mp3,link-to-transcript-31.pdf,languages,exegetical
Chunk1,30,"Studying the Original Languages of the Bible: Introduction to Word Meaning",Heiser,MS,22:51,link-to-ep30.mp3,link-to-transcript-30.pdf,languages,word meaning
Chunk1,29,"The Bible’s Literary Context: Prophecy and Apocalyptic",Heiser,MS,14:35,link-to-ep29.mp3,link-to-transcript-29.pdf,literary,prophecy
Chunk1,28,"The Bible’s Literary Context: The Comedic Genre and the New Testament",Heiser,MS,20:56,link-to-ep28.mp3,link-to-transcript-28.pdf,literary,comedy
Chunk1,27,"The Bible’s Literary Context: What is a Proverb?",Heiser,MS,12:23,link-to-ep27.mp3,link-to-transcript-27.pdf,literary,proverb
Chunk1,26,"The Bible’s Literary Context: Parables",Heiser,MS,14:34,link-to-ep26.mp3,link-to-transcript-26.pdf,literary,parables
Chunk1,25,"The Bible’s Literary Context: Greco-Roman Ghost Stories and the Gospels",Heiser,MS,13:40,link-to-ep25.mp3,link-to-transcript-25.pdf,literary,ghost stories
Chunk1,24,"The Bible’s Literary Context: The Military-Historical Annal Genre",Heiser,MS,18:05,link-to-ep24.mp3,link-to-transcript-24.pdf,literary,military
Chunk1,23,"The Bible’s Literary Context: The Legal Genre",Heiser,MS,15:55,link-to-ep23.mp3,link-to-transcript-23.pdf,literary,legal
Chunk1,22,"Introducing Genres and Reading Bible Stories Like Fiction",Heiser,MS,23:33,link-to-ep22.mp3,link-to-transcript-22.pdf,literary,genres
Chunk1,21,"Taking the Bible’s Own Context Seriously, Part 6: Books for 2nd Temple & NT Study",Heiser,MS,25:56,link-to-ep21.mp3,link-to-transcript-21.pdf,context,nt study
Chunk1,20,"Taking the Bible’s Own Context Seriously, Part 5: Books for ANE and OT Study",Heiser,MS,23:37,link-to-ep20.mp3,link-to-transcript-20.pdf,context,ot study
Chunk1,19,"Taking the Bible’s Own Context Seriously, Part 4: 2nd Temple Texts in Translation",Heiser,MS,24:24,link-to-ep19.mp3,link-to-transcript-19.pdf,context,translation
Chunk1,18,"Taking the Bible’s Own Context Seriously, Part 3: ANE Texts in Translation",Heiser,MS,18:24,link-to-ep18.mp3,link-to-transcript-18.pdf,context,translation
Chunk1,17,"Taking the Bible’s Own Context Seriously",Heiser,MS,28:26,link-to-ep17.mp3,link-to-transcript-17.pdf,context,
Chunk1,16,"Heiser’s Laws for Bible Study: Learning to Study the Bible, Part 1",Heiser,MS,16:54,link-to-ep16.mp3,link-to-transcript-16.pdf,study,methods
Chunk1,15,"The Lord’s Supper and 1 Corinthians 8-11, Part 2",Heiser,MS,18:16,link-to-ep15.mp3,link-to-transcript-15.pdf,lord supper,corinthians
Chunk1,14,"The Lord’s Supper and 1 Corinthians 8-11, Part 1",Heiser,MS,17:48,link-to-ep14.mp3,link-to-transcript-14.pdf,lord supper,corinthians
Chunk1,13,"The Lord’s Supper and the Gospels, Part 2",Heiser,MS,12:12,link-to-ep13.mp3,link-to-transcript-13.pdf,lord supper,gospels
Chunk1,12,"The Lord’s Supper and the Gospels, Part 1",Heiser,MS,14:54,link-to-ep12.mp3,link-to-transcript-12.pdf,lord supper,gospels
Chunk1,11,"Introducing the Lord’s Supper Series",Heiser,MS,9:39,link-to-ep11.mp3,link-to-transcript-11.pdf,lord supper,
Chunk1,10,"Baptism & Problem Passages: Acts 2:38",Heiser,MS,11:42,link-to-ep10.mp3,link-to-transcript-10.pdf,baptism,
Chunk1,9,"Baptism & Problem Passages: Acts 22:16",Heiser,MS,13:19,link-to-ep9.mp3,link-to-transcript-9.pdf,baptism,
Chunk1,8,"Baptism & Problem Passages: 1 Peter 3:14-22",Heiser,MS,13:49,link-to-ep8.mp3,link-to-transcript-8.pdf,baptism,
Chunk1,7,"The Mode of Baptism and the Biblical Text",Heiser,MS,16:25,link-to-ep7.mp3,link-to-transcript-7.pdf,baptism,
Chunk1,6,"Applying the Baptism – Circumcision Theology to Adult or Believer’s Baptism",Heiser,MS,8:06,link-to-ep6.mp3,link-to-transcript-6.pdf,baptism,
Chunk1,5,"Baptism, Circumcision, and Biblical Theology",Heiser,MS,10:38,link-to-ep5.mp3,link-to-transcript-5.pdf,baptism,
Chunk1,4,"Baptism: Contradictions in Creeds Part 3",Heiser,MS,13:36,link-to-ep4.mp3,link-to-transcript-4.pdf,baptism,
Chunk1,3,"Baptism: Contradictions in Creeds Part 2",Heiser,MS,18:44,link-to-ep3.mp3,link-to-transcript-3.pdf,baptism,
Chunk1,2,"Baptism: Contradictions in Creeds Part 1",Heiser,MS,11:37,link-to-ep2.mp3,link-to-transcript-2.pdf,baptism,
Chunk1,1,"Baptism: What You Know May Not Be So",Heiser,MS,12:30,link-to-ep1.mp3,link-to-transcript-1.pdf,baptism,


